{"cameraMode":{"drawMode":0,"name":"Shaded","section":"Shading Mode"},"sceneLighting":false,"audioPlay":false,"sceneViewState":{"showFog":true,"showMaterialUpdate":false,"showSkybox":true,"showFlares":true,"showImageEffects":true,"showParticleSystems":true},"in2DMode":false,"pivot":{"x":-0.00000476837158203125,"y":0.3880000114440918,"z":0.0},"rotation":{"x":0.6745814085006714,"y":-0.0033227051608264448,"z":0.0030333746690303089,"w":0.7381986975669861},"size":5.728809356689453,"orthographic":false}