{"cameraMode":{"drawMode":0,"name":"Shaded","section":"Shading Mode"},"sceneLighting":false,"audioPlay":false,"sceneViewState":{"showFog":true,"showMaterialUpdate":false,"showSkybox":true,"showFlares":true,"showImageEffects":true,"showParticleSystems":true},"in2DMode":false,"pivot":{"x":-0.000015139579772949219,"y":0.7872999906539917,"z":0.0},"rotation":{"x":0.459758996963501,"y":0.15051335096359254,"z":-0.07939399778842926,"w":0.8715943694114685},"size":2.529879331588745,"orthographic":false}