{"cameraMode":{"drawMode":0,"name":"Shaded","section":"Shading Mode"},"sceneLighting":false,"audioPlay":false,"sceneViewState":{"showFog":true,"showMaterialUpdate":false,"showSkybox":true,"showFlares":true,"showImageEffects":true,"showParticleSystems":true},"in2DMode":false,"pivot":{"x":0.7921961545944214,"y":-1.3516753911972047,"z":-1.3924020528793336},"rotation":{"x":0.056220460683107379,"y":0.9433575868606567,"z":-0.2453034222126007,"w":0.21620531380176545},"size":3.779073476791382,"orthographic":false}