{"cameraMode":{"drawMode":0,"name":"Shaded","section":"Shading Mode"},"sceneLighting":false,"audioPlay":false,"sceneViewState":{"showFog":true,"showMaterialUpdate":false,"showSkybox":true,"showFlares":true,"showImageEffects":true,"showParticleSystems":true},"in2DMode":false,"pivot":{"x":-0.39500001072883608,"y":0.11330000311136246,"z":0.08006572723388672},"rotation":{"x":-0.022589581087231637,"y":0.9732001423835754,"z":-0.10935596376657486,"w":-0.20103304088115693},"size":1.60416579246521,"orthographic":false}