{"cameraMode":{"drawMode":0,"name":"Shaded","section":"Shading Mode"},"sceneLighting":false,"audioPlay":false,"sceneViewState":{"showFog":true,"showMaterialUpdate":false,"showSkybox":true,"showFlares":true,"showImageEffects":true,"showParticleSystems":true},"in2DMode":false,"pivot":{"x":-0.00000476837158203125,"y":0.3880000114440918,"z":0.0},"rotation":{"x":0.459758996963501,"y":0.15051335096359254,"z":-0.07939399778842926,"w":0.8715943694114685},"size":5.728809356689453,"orthographic":false}