{"cameraMode":{"drawMode":0,"name":"Shaded","section":"Shading Mode"},"sceneLighting":false,"audioPlay":false,"sceneViewState":{"showFog":true,"showMaterialUpdate":false,"showSkybox":true,"showFlares":true,"showImageEffects":true,"showParticleSystems":true},"in2DMode":false,"pivot":{"x":0.006499990820884705,"y":0.10864999890327454,"z":0.0},"rotation":{"x":0.18719512224197389,"y":0.32178547978401186,"z":-0.06506165117025376,"w":0.9258397817611694},"size":1.0258862972259522,"orthographic":false}