{"cameraMode":{"drawMode":0,"name":"Shaded","section":"Shading Mode"},"sceneLighting":false,"audioPlay":false,"sceneViewState":{"showFog":true,"showMaterialUpdate":false,"showSkybox":true,"showFlares":true,"showImageEffects":true,"showParticleSystems":true},"in2DMode":false,"pivot":{"x":0.0,"y":0.00009999999747378752,"z":1.690000057220459},"rotation":{"x":0.486053466796875,"y":-0.38035401701927187,"z":0.2474914938211441,"w":0.7468979954719544},"size":6.898524761199951,"orthographic":false}