{"cameraMode":{"drawMode":0,"name":"Shaded","section":"Shading Mode"},"sceneLighting":false,"audioPlay":false,"sceneViewState":{"showFog":true,"showMaterialUpdate":false,"showSkybox":true,"showFlares":true,"showImageEffects":true,"showParticleSystems":true},"in2DMode":false,"pivot":{"x":8.518305778503418,"y":1.904982089996338,"z":7.960053443908691},"rotation":{"x":0.3454802632331848,"y":0.16350007057189942,"z":-0.06126198545098305,"w":0.9220401048660278},"size":11.769745826721192,"orthographic":false}