{"cameraMode":{"drawMode":0,"name":"Shaded","section":"Shading Mode"},"sceneLighting":false,"audioPlay":false,"sceneViewState":{"showFog":true,"showMaterialUpdate":false,"showSkybox":true,"showFlares":true,"showImageEffects":true,"showParticleSystems":true},"in2DMode":false,"pivot":{"x":0.000007510185241699219,"y":0.4169999957084656,"z":0.0},"rotation":{"x":0.01195888314396143,"y":0.9773977994918823,"z":-0.2031172215938568,"w":0.05753239616751671},"size":5.7567572593688969,"orthographic":false}