{"cameraMode":{"drawMode":0,"name":"Shaded","section":"Shading Mode"},"sceneLighting":false,"audioPlay":false,"sceneViewState":{"showFog":true,"showMaterialUpdate":false,"showSkybox":true,"showFlares":true,"showImageEffects":true,"showParticleSystems":true},"in2DMode":false,"pivot":{"x":0.37017127871513369,"y":0.817478597164154,"z":0.8572942018508911},"rotation":{"x":0.16823197901248933,"y":0.1238485649228096,"z":-0.021308543160557748,"w":0.9777106642723084},"size":2.9043569564819338,"orthographic":false}