{"cameraMode":{"drawMode":0,"name":"Shaded","section":"Shading Mode"},"sceneLighting":false,"audioPlay":false,"sceneViewState":{"showFog":true,"showMaterialUpdate":false,"showSkybox":true,"showFlares":true,"showImageEffects":true,"showParticleSystems":true},"in2DMode":false,"pivot":{"x":-0.000022411346435546875,"y":0.3269999921321869,"z":0.0},"rotation":{"x":0.5791393518447876,"y":0.21761561930179597,"z":-0.16403192281723023,"w":0.7683429718017578},"size":5.688518047332764,"orthographic":false}