{"cameraMode":{"drawMode":0,"name":"Shaded","section":"Shading Mode"},"sceneLighting":false,"audioPlay":false,"sceneViewState":{"showFog":true,"showMaterialUpdate":false,"showSkybox":true,"showFlares":true,"showImageEffects":true,"showParticleSystems":true},"in2DMode":false,"pivot":{"x":-0.3193334639072418,"y":0.4577138423919678,"z":-0.1604933738708496},"rotation":{"x":0.5110629796981812,"y":0.060495439916849139,"z":-0.03608977049589157,"w":0.856659471988678},"size":3.2043569087982179,"orthographic":false}