{"cameraMode":{"drawMode":0,"name":"Shaded","section":"Shading Mode"},"sceneLighting":false,"audioPlay":false,"sceneViewState":{"showFog":true,"showMaterialUpdate":false,"showSkybox":true,"showFlares":true,"showImageEffects":true,"showParticleSystems":true},"in2DMode":false,"pivot":{"x":0.08207729458808899,"y":-0.07929444313049317,"z":-0.18992246687412263},"rotation":{"x":0.23980264365673066,"y":0.7240490317344666,"z":-0.5706900954246521,"w":0.3042442798614502},"size":1.3094370365142823,"orthographic":false}