{"cameraMode":{"drawMode":0,"name":"Shaded","section":"Shading Mode"},"sceneLighting":false,"audioPlay":false,"sceneViewState":{"showFog":true,"showMaterialUpdate":false,"showSkybox":true,"showFlares":true,"showImageEffects":true,"showParticleSystems":true},"in2DMode":false,"pivot":{"x":1.3804104328155518,"y":0.11170000582933426,"z":0.30375000834465029},"rotation":{"x":0.4317116439342499,"y":0.0054120165295898918,"z":-0.002590300515294075,"w":0.9019917845726013},"size":0.7790737748146057,"orthographic":false}