{"cameraMode":{"drawMode":0,"name":"Shaded","section":"Shading Mode"},"sceneLighting":false,"audioPlay":false,"sceneViewState":{"showFog":true,"showMaterialUpdate":false,"showSkybox":true,"showFlares":true,"showImageEffects":true,"showParticleSystems":true},"in2DMode":false,"pivot":{"x":-0.00000476837158203125,"y":0.3880000114440918,"z":0.0},"rotation":{"x":0.01195888314396143,"y":0.9773977994918823,"z":-0.2031172215938568,"w":0.05753239616751671},"size":5.728809356689453,"orthographic":false}